"product_name","brand","price","original_price","url","image_url"
"OPPO Find X9 12GB 256GB","Oppo","22.990.000đ","","https://cellphones.com.vn/dien-thoai-oppo-find-x9.html","https://cdn2.cellphones.com.vn/insecure/rs:fill:358:358/q:90/plain/https://cellphones.com.vn/media/catalog/product/x/9/x9.jpg"
"iPhone Air 256GB | Chính hãng","Apple","30.890.000đ","31.990.000đ","https://cellphones.com.vn/iphone-air-256gb.html","https://cdn2.cellphones.com.vn/insecure/rs:fill:358:358/q:90/plain/https://cellphones.com.vn/media/catalog/product/i/p/iphone_air-3_2.jpg"
"Điện thoại iPhone 16 Pro Max 256GB","Apple","30.590.000đ","34.990.000đ","https://cellphones.com.vn/iphone-16-pro-max.html","https://cdn2.cellphones.com.vn/insecure/rs:fill:358:358/q:90/plain/https://cellphones.com.vn/media/catalog/product/i/p/iphone-16-pro-max.png"
"iPhone 17 256GB | Chính hãng","Apple","24.990.000đ","","https://cellphones.com.vn/iphone-17-256gb.html","https://cdn2.cellphones.com.vn/insecure/rs:fill:358:358/q:90/plain/https://cellphones.com.vn/media/catalog/product/i/p/iphone_17_256gb-3_2.jpg"
"Samsung Galaxy S25 Ultra 12GB 256GB","Samsung","28.280.000đ","33.380.000đ","https://cellphones.com.vn/dien-thoai-samsung-galaxy-s25-ultra.html","https://cdn2.cellphones.com.vn/insecure/rs:fill:358:358/q:90/plain/https://cellphones.com.vn/media/catalog/product/d/i/dien-thoai-samsung-galaxy-s25-ultra_3__3.png"
"iPhone 17 Pro 256GB | Chính hãng","Apple","34.790.000đ","34.990.000đ","https://cellphones.com.vn/iphone-17-pro.html","https://cdn2.cellphones.com.vn/insecure/rs:fill:358:358/q:90/plain/https://cellphones.com.vn/media/catalog/product/i/p/iphone-17-pro-256-gb.png"
"iPhone 17 Pro Max 256GB | Chính hãng","Apple","37.990.000đ","","https://cellphones.com.vn/iphone-17-pro-max.html","https://cdn2.cellphones.com.vn/insecure/rs:fill:358:358/q:90/plain/https://cellphones.com.vn/media/catalog/product/i/p/iphone-17-pro-max_3.jpg"
"iPhone 15 128GB | Chính hãng VN/A","Apple","16.990.000đ","19.990.000đ","https://cellphones.com.vn/iphone-15.html","https://cdn2.cellphones.com.vn/insecure/rs:fill:358:358/q:90/plain/https://cellphones.com.vn/media/catalog/product/i/p/iphone-15-plus_1__1.png"
"Samsung Galaxy Z Flip7 12GB 256GB","Samsung","25.990.000đ","28.990.000đ","https://cellphones.com.vn/dien-thoai-samsung-galaxy-z-flip-7.html","https://cdn2.cellphones.com.vn/insecure/rs:fill:358:358/q:90/plain/https://cellphones.com.vn/media/catalog/product/s/a/samsung-galaxy-z-flip-7-1.jpg"
"Xiaomi 15T 5G 12GB 512GB","Xiaomi","14.490.000đ","14.990.000đ","https://cellphones.com.vn/dien-thoai-xiaomi-15t-5g.html","https://cdn2.cellphones.com.vn/insecure/rs:fill:358:358/q:90/plain/https://cellphones.com.vn/media/catalog/product/x/i/xiaomi-15t-5g-22.jpg"
"iPhone 17 Pro 512GB | Chính hãng","Apple","40.990.000đ","41.490.000đ","https://cellphones.com.vn/iphone-17-pro-512gb.html","https://cdn2.cellphones.com.vn/insecure/rs:fill:358:358/q:90/plain/https://cellphones.com.vn/media/catalog/product/i/p/iphone_17_pro_512gb.jpg"
"Xiaomi 14T Pro 12GB 512GB","Xiaomi","14.390.000đ","17.670.000đ","https://cellphones.com.vn/xiaomi-14t-pro.html","https://cdn2.cellphones.com.vn/insecure/rs:fill:358:358/q:90/plain/https://cellphones.com.vn/media/catalog/product/x/i/xiaomi_14t_pro_1_.png"
"Xiaomi 15T Pro 5G 12GB 512GB","Xiaomi","18.990.000đ","19.490.000đ","https://cellphones.com.vn/dien-thoai-xiaomi-15t-pro-5g.html","https://cdn2.cellphones.com.vn/insecure/rs:fill:358:358/q:90/plain/https://cellphones.com.vn/media/catalog/product/x/i/xiaomi-15t-pro-5g_1.jpg"
"iPhone 16e 128GB | Chính hãng VN/A","Apple","12.490.000đ","16.990.000đ","https://cellphones.com.vn/iphone-16e.html","https://cdn2.cellphones.com.vn/insecure/rs:fill:358:358/q:90/plain/https://cellphones.com.vn/media/catalog/product/i/p/iphone-16e-128gb.png"
"iPhone 16 Pro 128GB | Chính hãng VN/A","Apple","25.790.000đ","28.990.000đ","https://cellphones.com.vn/iphone-16-pro.html","https://cdn2.cellphones.com.vn/insecure/rs:fill:358:358/q:90/plain/https://cellphones.com.vn/media/catalog/product/i/p/iphone-16-pro_1.png"
"OPPO Find X9 Pro 16GB 512GB","Oppo","32.990.000đ","","https://cellphones.com.vn/dien-thoai-oppo-find-x9-pro.html","https://cdn2.cellphones.com.vn/insecure/rs:fill:358:358/q:90/plain/https://cellphones.com.vn/media/catalog/product/o/p/oppo_find_x9_pro_16gb_512gb-1.jpg"
"OPPO FIND N5","Oppo","44.180.000đ","44.990.000đ","https://cellphones.com.vn/dien-thoai-oppo-find-n5.html","https://cdn2.cellphones.com.vn/insecure/rs:fill:358:358/q:90/plain/https://cellphones.com.vn/media/catalog/product/d/i/dien-thoai-oppo-find-n5_h_nh_2.png"
"Samsung Galaxy S24 Plus 12GB 256GB","Samsung","16.790.000đ","18.650.000đ","https://cellphones.com.vn/samsung-galaxy-s24-plus.html","https://cdn2.cellphones.com.vn/insecure/rs:fill:358:358/q:90/plain/https://cellphones.com.vn/media/catalog/product/g/a/galaxy-s24-plus-tim.png"
"iPhone 17 512GB | Chính hãng","Apple","31.490.000đ","","https://cellphones.com.vn/iphone-17-512gb.html","https://cdn2.cellphones.com.vn/insecure/rs:fill:358:358/q:90/plain/https://cellphones.com.vn/media/catalog/product/i/p/iphone_17_256gb-3_3.jpg"
"Samsung Galaxy S25 256GB","Samsung","17.190.000đ","22.580.000đ","https://cellphones.com.vn/dien-thoai-samsung-galaxy-s25.html","https://cdn2.cellphones.com.vn/insecure/rs:fill:358:358/q:90/plain/https://cellphones.com.vn/media/catalog/product/d/i/dien-thoai-samsung-galaxy-s25_1__2.png"
"Xiaomi POCO X7 Pro 5G 12GB 256GB - Chỉ có tại CellphoneS","Xiaomi","9.250.000đ","9.990.000đ","https://cellphones.com.vn/dien-thoai-poco-x7-pro-5g.html","https://cdn2.cellphones.com.vn/insecure/rs:fill:358:358/q:90/plain/https://cellphones.com.vn/media/catalog/product/d/i/dien-thoai-poco-x7-pro-5g_1_.png"
"Xiaomi Redmi Note 14 6GB 128GB","Xiaomi","4.390.000đ","4.900.000đ","https://cellphones.com.vn/dien-thoai-xiaomi-redmi-note-14.html","https://cdn2.cellphones.com.vn/insecure/rs:fill:358:358/q:90/plain/https://cellphones.com.vn/media/catalog/product/d/i/dien-thoai-xiaomi-redmi-note-14_2__2.png"
"iPhone 14 128GB | Chính hãng VN/A","Apple","13.590.000đ","14.990.000đ","https://cellphones.com.vn/iphone-14.html","https://cdn2.cellphones.com.vn/insecure/rs:fill:358:358/q:90/plain/https://cellphones.com.vn/media/catalog/product/i/p/iphone-14_2_1.jpg"
"Samsung Galaxy Z Fold7 12GB 256GB","Samsung","41.990.000đ","46.990.000đ","https://cellphones.com.vn/dien-thoai-samsung-galaxy-z-fold-7.html","https://cdn2.cellphones.com.vn/insecure/rs:fill:358:358/q:90/plain/https://cellphones.com.vn/media/catalog/product/s/a/samsung-galaxy-z-fold-7.jpg"
"Samsung Galaxy A56 5G 8GB 128GB","Samsung","9.510.000đ","9.810.000đ","https://cellphones.com.vn/dien-thoai-samsung-galaxy-a56.html","https://cdn2.cellphones.com.vn/insecure/rs:fill:358:358/q:90/plain/https://cellphones.com.vn/media/catalog/product/d/i/dien-thoai-samsung-galaxy-a56.1_1.png"
"HONOR X7d 8GB 256GB","Other","5.390.000đ","5.690.000đ","https://cellphones.com.vn/dien-thoai-honor-x7d.html","https://cdn2.cellphones.com.vn/insecure/rs:fill:358:358/q:90/plain/https://cellphones.com.vn/media/catalog/product/d/i/dien-thoai-honor-x7d-12.jpg"
"iPhone 13 128GB | Chính hãng VN/A","Apple","12.090.000đ","13.990.000đ","https://cellphones.com.vn/iphone-13.html","https://cdn2.cellphones.com.vn/insecure/rs:fill:358:358/q:90/plain/https://cellphones.com.vn/media/catalog/product/i/p/iphone-13_2_2.jpg"
"iPhone 16 Pro Max 512GB | Chính hãng VN/A","Apple","36.890.000đ","40.990.000đ","https://cellphones.com.vn/iphone-16-pro-max-512gb.html","https://cdn2.cellphones.com.vn/insecure/rs:fill:358:358/q:90/plain/https://cellphones.com.vn/media/catalog/product/i/p/iphone-16-pro-max_1.png"
"iPhone 17 Pro Max 512GB | Chính hãng","Apple","44.490.000đ","","https://cellphones.com.vn/iphone-17-pro-max-512gb.html","https://cdn2.cellphones.com.vn/insecure/rs:fill:358:358/q:90/plain/https://cellphones.com.vn/media/catalog/product/i/p/iphone-17-pro-cam_3.jpg"
"Nubia Neo 3 GT 12GB 256GB","Other","6.590.000đ","6.990.000đ","https://cellphones.com.vn/dien-thoai-nubia-neo-3-gt-12gb-256gb.html","https://cdn2.cellphones.com.vn/insecure/rs:fill:358:358/q:90/plain/https://cellphones.com.vn/media/catalog/product/d/i/dien-thoai-nubia-neo-3-gt-12gb-256gb.1.png"
"iPhone 16 128GB | Chính hãng VN/A","Apple","20.990.000đ","22.990.000đ","https://cellphones.com.vn/iphone-16.html","https://cdn2.cellphones.com.vn/insecure/rs:fill:358:358/q:90/plain/https://cellphones.com.vn/media/catalog/product/i/p/iphone-16-1.png"
"Samsung Galaxy A07 4GB 128GB","Samsung","3.390.000đ","","https://cellphones.com.vn/dien-thoai-samsung-galaxy-a07.html","https://cdn2.cellphones.com.vn/insecure/rs:fill:358:358/q:90/plain/https://cellphones.com.vn/media/catalog/product/s/a/samsung-galaxy-a07-black.jpg"
"Samsung Galaxy S25 FE 8GB 128GB","Samsung","14.390.000đ","16.690.000đ","https://cellphones.com.vn/dien-thoai-samsung-galaxy-s25-fe.html","https://cdn2.cellphones.com.vn/insecure/rs:fill:358:358/q:90/plain/https://cellphones.com.vn/media/catalog/product/s/a/samsung-galaxy-s25-fe-1.jpg"
"iPhone 16e 256GB | Chính hãng VN/A","Apple","15.490.000đ","19.990.000đ","https://cellphones.com.vn/iphone-16e-256gb.html","https://cdn2.cellphones.com.vn/insecure/rs:fill:358:358/q:90/plain/https://cellphones.com.vn/media/catalog/product/i/p/iphone-16e-256gb.png"
"iPhone 16 Pro 256GB | Chính hãng VN/A","Apple","28.990.000đ","31.990.000đ","https://cellphones.com.vn/iphone-16-pro-256gb.html","https://cdn2.cellphones.com.vn/insecure/rs:fill:358:358/q:90/plain/https://cellphones.com.vn/media/catalog/product/i/p/iphone-16-pro.png"
"iPhone 15 256GB | Chính hãng VN/A","Apple","20.590.000đ","22.990.000đ","https://cellphones.com.vn/iphone-15-256gb.html","https://cdn2.cellphones.com.vn/insecure/rs:fill:358:358/q:90/plain/https://cellphones.com.vn/media/catalog/product/i/p/iphone-15-plus-256gb_3.png"
"Xiaomi Redmi Note 14 Pro Plus 5G 8GB 256GB","Xiaomi","8.590.000đ","10.800.000đ","https://cellphones.com.vn/dien-thoai-xiaomi-redmi-note-14-pro-plus.html","https://cdn2.cellphones.com.vn/insecure/rs:fill:358:358/q:90/plain/https://cellphones.com.vn/media/catalog/product/r/e/redmi-note-14-pro-plus-xanh.jpg"
"Samsung Galaxy A17 5G 8GB 128GB","Samsung","6.190.000đ","","https://cellphones.com.vn/dien-thoai-samsung-galaxy-a17-5g.html","https://cdn2.cellphones.com.vn/insecure/rs:fill:358:358/q:90/plain/https://cellphones.com.vn/media/catalog/product/s/a/samsung-galaxy-a17-5g-back.jpg"
"OPPO Reno14 F 5G 8GB 256GB","Oppo","10.300.000đ","10.490.000đ","https://cellphones.com.vn/dien-thoai-oppo-reno14-f.html","https://cdn2.cellphones.com.vn/insecure/rs:fill:358:358/q:90/plain/https://cellphones.com.vn/media/catalog/product/o/p/oppo-reno14-f-w.jpg"
"iPhone 16 Plus 128GB | Chính hãng VN/A","Apple","24.590.000đ","25.990.000đ","https://cellphones.com.vn/iphone-16-plus.html","https://cdn2.cellphones.com.vn/insecure/rs:fill:358:358/q:90/plain/https://cellphones.com.vn/media/catalog/product/i/p/iphone-16-plus-1.png"
"TECNO Spark 40 Pro+ 8GB 256GB (Chỉ có tại CellphoneS)","Tecno","5.190.000đ","5.690.000đ","https://cellphones.com.vn/dien-thoai-tecno-spark-40-pro-plus.html","https://cdn2.cellphones.com.vn/insecure/rs:fill:358:358/q:90/plain/https://cellphones.com.vn/media/catalog/product/t/e/tecno-spark-40__1.jpg"
"Xiaomi Redmi Note 14 5G 8GB 256GB","Xiaomi","6.690.000đ","7.160.000đ","https://cellphones.com.vn/dien-thoai-xiaomi-redmi-note-14-5g.html","https://cdn2.cellphones.com.vn/insecure/rs:fill:358:358/q:90/plain/https://cellphones.com.vn/media/catalog/product/d/i/dien-thoai-xiaomi-redmi-note-14-5g.1.png"
"HONOR Magic V5 16GB 512GB","Other","42.990.000đ","44.990.000đ","https://cellphones.com.vn/dien-thoai-honor-magic-v5.html","https://cdn2.cellphones.com.vn/insecure/rs:fill:358:358/q:90/plain/https://cellphones.com.vn/media/catalog/product/h/o/honor-magic-v5_1.jpg"
"Xiaomi 15 Ultra 5G 16GB 1TB","Xiaomi","30.990.000đ","38.250.000đ","https://cellphones.com.vn/dien-thoai-xiaomi-15-ultra-1tb.html","https://cdn2.cellphones.com.vn/insecure/rs:fill:358:358/q:90/plain/https://cellphones.com.vn/media/catalog/product/p/h/photo_2025-04-16_11-45-37.jpg"
"Nubia Neo 3 4G 8GB 128GB","Other","3.990.000đ","4.490.000đ","https://cellphones.com.vn/dien-thoai-nubia-neo-3-4g.html","https://cdn2.cellphones.com.vn/insecure/rs:fill:358:358/q:90/plain/https://cellphones.com.vn/media/catalog/product/d/i/dien-thoai-nubia-neo-3-4g_2__1.png"
"Meizu Lucky 08 5G 12GB 256GB","Other","5.490.000đ","6.490.000đ","https://cellphones.com.vn/dien-thoai-meizu-lucky-08.html","https://cdn2.cellphones.com.vn/insecure/rs:fill:358:358/q:90/plain/https://cellphones.com.vn/media/catalog/product/d/i/dien-thoai-meizu-lucky-08_1.png"
"Samsung Galaxy S25 512GB","Samsung","20.690.000đ","26.010.000đ","https://cellphones.com.vn/dien-thoai-samsung-galaxy-s25-512gb.html","https://cdn2.cellphones.com.vn/insecure/rs:fill:358:358/q:90/plain/https://cellphones.com.vn/media/catalog/product/d/i/dien-thoai-samsung-galaxy-s25_1__3.png"
"Điện thoại Meizu Mblu 22 Pro NFC 6GB 256GB","Other","2.890.000đ","3.090.000đ","https://cellphones.com.vn/dien-thoai-meizu-mblu-22-pro-6gb-256gb.html","https://cdn2.cellphones.com.vn/insecure/rs:fill:358:358/q:90/plain/https://cellphones.com.vn/media/catalog/product/_/i/_i_n_tho_i_meizu_mblu_22_pro_nfc_4gb_128gb_1_1.jpg"
"Samsung Galaxy A36 5G 8GB 128GB","Samsung","7.490.000đ","8.140.000đ","https://cellphones.com.vn/dien-thoai-samsung-galaxy-a36.html","https://cdn2.cellphones.com.vn/insecure/rs:fill:358:358/q:90/plain/https://cellphones.com.vn/media/catalog/product/d/i/dien-thoai-samsung-galaxy-a36.2.png"
"Samsung Galaxy S24 Ultra 12GB 256GB","Samsung","22.590.000đ","29.450.000đ","https://cellphones.com.vn/samsung-galaxy-s24-ultra.html","https://cdn2.cellphones.com.vn/insecure/rs:fill:358:358/q:90/plain/https://cellphones.com.vn/media/catalog/product/s/s/ss-s24-ultra-xam-222.png"
"OPPO Find X9 16GB 512GB","Oppo","26.990.000đ","","https://cellphones.com.vn/dien-thoai-oppo-find-x9-16gb-512gb.html","https://cdn2.cellphones.com.vn/insecure/rs:fill:358:358/q:90/plain/https://cellphones.com.vn/media/catalog/product/x/9/x9-1_1.jpg"
"iPhone 14 256GB | Chính hãng VN/A","Apple","16.290.000đ","18.990.000đ","https://cellphones.com.vn/iphone-14-256gb.html","https://cdn2.cellphones.com.vn/insecure/rs:fill:358:358/q:90/plain/https://cellphones.com.vn/media/catalog/product/i/p/iphone-14-256gb.jpg"
"iPhone 17 Pro Max 2TB | Chính hãng","Apple","63.990.000đ","","https://cellphones.com.vn/iphone-17-pro-max-2tb.html","https://cdn2.cellphones.com.vn/insecure/rs:fill:358:358/q:90/plain/https://cellphones.com.vn/media/catalog/product/i/p/iphone-17-pro-max_1_1.jpg"
"Điện thoại Meizu Mblu Note 21 Pro NFC 8GB 256GB","Other","3.990.000đ","","https://cellphones.com.vn/dien-thoai-meizu-mblu-note-21-pro.html","https://cdn2.cellphones.com.vn/insecure/rs:fill:358:358/q:90/plain/https://cellphones.com.vn/media/catalog/product/m/e/meizu-mblu-note-21-pro.jpg"
"OPPO A6 Pro 8GB 256GB","Oppo","7.990.000đ","8.290.000đ","https://cellphones.com.vn/dien-thoai-oppo-a6-pro.html","https://cdn2.cellphones.com.vn/insecure/rs:fill:358:358/q:90/plain/https://cellphones.com.vn/media/catalog/product/o/p/oppo_a6_pro_8gb_256gb_3.jpg"
"iPhone 16 Pro Max 1TB | Chính hãng VN/A","Apple","42.990.000đ","46.990.000đ","https://cellphones.com.vn/iphone-16-pro-max-1tb.html","https://cdn2.cellphones.com.vn/insecure/rs:fill:358:358/q:90/plain/https://cellphones.com.vn/media/catalog/product/i/p/iphone-16-pro-max_2.png"
"OPPO Reno14 5G 12GB 256GB","Oppo","15.500.000đ","15.990.000đ","https://cellphones.com.vn/dien-thoai-oppo-reno14.html","https://cdn2.cellphones.com.vn/insecure/rs:fill:358:358/q:90/plain/https://cellphones.com.vn/media/catalog/product/o/p/oppo-reno14-w.jpg"
"Nothing Phone 2A Plus 5G 12GB 256GB - Chỉ có tại CellphoneS","Other","7.890.000đ","11.490.000đ","https://cellphones.com.vn/dien-thoai-nothing-phone-2a-plus.html","https://cdn2.cellphones.com.vn/insecure/rs:fill:358:358/q:90/plain/https://cellphones.com.vn/media/catalog/product/d/i/dien-thoai-nothing-phone-2a-plus_1_.png"
"Samsung Galaxy A06 5G 4GB 128GB","Samsung","3.120.000đ","3.920.000đ","https://cellphones.com.vn/dien-thoai-samsung-galaxy-a06-5g.html","https://cdn2.cellphones.com.vn/insecure/rs:fill:358:358/q:90/plain/https://cellphones.com.vn/media/catalog/product/d/i/dien-thoai-samsung-galaxy-a06-5g_1__1.png"
"Samsung Galaxy S25 Plus 256GB","Samsung","22.700.000đ","26.500.000đ","https://cellphones.com.vn/dien-thoai-samsung-galaxy-s25-plus.html","https://cdn2.cellphones.com.vn/insecure/rs:fill:358:358/q:90/plain/https://cellphones.com.vn/media/catalog/product/d/i/dien-thoai-samsung-galaxy-s25-plus_3_.png"
"Samsung Galaxy A26 5G 8GB 128GB","Samsung","6.570.000đ","6.870.000đ","https://cellphones.com.vn/dien-thoai-samsung-galaxy-a26.html","https://cdn2.cellphones.com.vn/insecure/rs:fill:358:358/q:90/plain/https://cellphones.com.vn/media/catalog/product/d/i/dien-thoai-samsung-galaxy-a26_6__1.png"
"Samsung Galaxy Z Flip6 12GB 256GB","Samsung","21.590.000đ","28.470.000đ","https://cellphones.com.vn/samsung-galaxy-z-flip-6.html","https://cdn2.cellphones.com.vn/insecure/rs:fill:358:358/q:90/plain/https://cellphones.com.vn/media/catalog/product/f/r/frame_166_3.png"
"HONOR X9c 5G 12GB 256GB","Other","7.490.000đ","9.320.000đ","https://cellphones.com.vn/dien-thoai-honor-x9c-5g.html","https://cdn2.cellphones.com.vn/insecure/rs:fill:358:358/q:90/plain/https://cellphones.com.vn/media/catalog/product/_/i/_i_n_tho_i_honor_x6c_6gb_128gb-1_1.jpg"
"Xiaomi Redmi Note 13 Pro 5G 8GB 256GB","Xiaomi","6.790.000đ","9.300.000đ","https://cellphones.com.vn/dien-thoai-xiaomi-redmi-note-13-pro-5g-8gb-256gb.html","https://cdn2.cellphones.com.vn/insecure/rs:fill:358:358/q:90/plain/https://cellphones.com.vn/media/catalog/product/p/h/photo_2024-12-20_17-05-54_1.jpg"
"Samsung Galaxy A16 5G 8GB 128GB","Samsung","5.290.000đ","5.980.000đ","https://cellphones.com.vn/dien-thoai-samsung-galaxy-a16.html","https://cdn2.cellphones.com.vn/insecure/rs:fill:358:358/q:90/plain/https://cellphones.com.vn/media/catalog/product/d/i/dien-thoai-samsung-galaxy-a16_1__3.png"
"iPhone 16 Plus 256GB | Chính hãng VN/A","Apple","27.790.000đ","28.990.000đ","https://cellphones.com.vn/iphone-16-plus-256gb.html","https://cdn2.cellphones.com.vn/insecure/rs:fill:358:358/q:90/plain/https://cellphones.com.vn/media/catalog/product/i/p/iphone-16-plus-1_1.png"
"Samsung Galaxy S25 Ultra 512GB","Samsung","29.350.000đ","36.810.000đ","https://cellphones.com.vn/dien-thoai-samsung-galaxy-s25-ultra-512gb.html","https://cdn2.cellphones.com.vn/insecure/rs:fill:358:358/q:90/plain/https://cellphones.com.vn/media/catalog/product/d/i/dien-thoai-samsung-galaxy-s25-ultra_2__4.png"
"Samsung Galaxy S25 FE 8GB 512GB","Samsung","19.390.000đ","21.990.000đ","https://cellphones.com.vn/dien-thoai-samsung-galaxy-s25-fe-8gb-512gb.html","https://cdn2.cellphones.com.vn/insecure/rs:fill:358:358/q:90/plain/https://cellphones.com.vn/media/catalog/product/s/a/samsung-galaxy-s25-fe-1_1.jpg"
"Nubia Neo 3 5G 8GB 256GB","Other","4.990.000đ","5.490.000đ","https://cellphones.com.vn/dien-thoai-nubia-neo-3-5g.html","https://cdn2.cellphones.com.vn/insecure/rs:fill:358:358/q:90/plain/https://cellphones.com.vn/media/catalog/product/d/i/dien-thoai-nubia-neo-3-5g.1_1.png"
"ZTE Nubia Z60S Pro 12GB 256GB","Other","9.990.000đ","10.000.000đ","https://cellphones.com.vn/dien-thoai-zte-nubia-z60s-pro.html","https://cdn2.cellphones.com.vn/insecure/rs:fill:358:358/q:90/plain/https://cellphones.com.vn/media/catalog/product/d/i/dien-thoai-zte-nubia-z60s-pro_2.png"
"Nubia Neo 2 5G","Other","4.290.000đ","4.990.000đ","https://cellphones.com.vn/nubia-neo-2.html","https://cdn2.cellphones.com.vn/insecure/rs:fill:358:358/q:90/plain/https://cellphones.com.vn/media/catalog/product/f/r/frame_143.png"
"Xiaomi Redmi 15C 4GB 128GB NFC","Xiaomi","3.490.000đ","3.690.000đ","https://cellphones.com.vn/dien-thoai-xiaomi-redmi-15c.html","https://cdn2.cellphones.com.vn/insecure/rs:fill:358:358/q:90/plain/https://cellphones.com.vn/media/catalog/product/d/i/dien-thoai-xiaomi-redmi-15c-41_1.jpg"
"Điện thoại Nubia Z70 Ultra 5G 12GB 256GB","Other","16.990.000đ","19.990.000đ","https://cellphones.com.vn/dien-thoai-zte-z70-ultra-12gb-256gb.html","https://cdn2.cellphones.com.vn/insecure/rs:fill:358:358/q:90/plain/https://cellphones.com.vn/media/catalog/product/d/i/dien-thoai-nubia-z70s-ultra-5g_11__2.png"
"Xiaomi 15 5G 12GB 512GB","Xiaomi","20.490.000đ","26.500.000đ","https://cellphones.com.vn/dien-thoai-xiaomi-15-12gb-512gb.html","https://cdn2.cellphones.com.vn/insecure/rs:fill:358:358/q:90/plain/https://cellphones.com.vn/media/catalog/product/i/m/image_1262703569.jpg"
"OPPO Find X8 16GB 512GB","Oppo","21.580.000đ","22.990.000đ","https://cellphones.com.vn/dien-thoai-oppo-find-x8.html","https://cdn2.cellphones.com.vn/insecure/rs:fill:358:358/q:90/plain/https://cellphones.com.vn/media/catalog/product/d/i/dien-thoai-oppo-find-x8-xam-1.png"
"Xiaomi 15 Ultra 5G 16GB 512GB","Xiaomi","30.360.000đ","34.360.000đ","https://cellphones.com.vn/dien-thoai-xiaomi-15-ultra.html","https://cdn2.cellphones.com.vn/insecure/rs:fill:358:358/q:90/plain/https://cellphones.com.vn/media/catalog/product/d/i/dien-thoai-xiaomi-15-ultra.png"
"Sony Xperia 1 VII 12GB 256GB","Sony","29.990.000đ","34.990.000đ","https://cellphones.com.vn/dien-thoai-sony-xperia-1-vii.html","https://cdn2.cellphones.com.vn/insecure/rs:fill:358:358/q:90/plain/https://cellphones.com.vn/media/catalog/product/d/i/dien-thoai-sony-xperia-1-vii.png"
"Redmi Note 13 Pro 5G 12GB 512GB","Other","8.290.000đ","10.780.000đ","https://cellphones.com.vn/dien-thoai-redmi-note-13-pro-5g.html","https://cdn2.cellphones.com.vn/insecure/rs:fill:358:358/q:90/plain/https://cellphones.com.vn/media/catalog/product/x/i/xiaomi_redmi_13_pro_5g.png"
"Nubia V70 Design 8GB 128GB","Other","2.790.000đ","","https://cellphones.com.vn/dien-thoai-nubia-v70-design-8gb-128gb.html","https://cdn2.cellphones.com.vn/insecure/rs:fill:358:358/q:90/plain/https://cellphones.com.vn/media/catalog/product/d/i/dien-thoai-nubia-v70-design-8gb-128gb.png"
"OPPO Reno10 Pro+ 5G 12GB 256GB","Oppo","10.490.000đ","13.990.000đ","https://cellphones.com.vn/oppo-reno10-pro-plus.html","https://cdn2.cellphones.com.vn/insecure/rs:fill:358:358/q:90/plain/https://cellphones.com.vn/media/catalog/product/o/p/oppo-reno10-pro-plus-tim.png"
"Samsung Galaxy S24 FE 5G 8GB 128GB","Samsung","11.490.000đ","16.690.000đ","https://cellphones.com.vn/dien-thoai-samsung-galaxy-s24-fe.html","https://cdn2.cellphones.com.vn/insecure/rs:fill:358:358/q:90/plain/https://cellphones.com.vn/media/catalog/product/d/i/dien-thoai-samsung-galaxy-s24-fe_3__4.png"
"Xiaomi 14T 12GB 512GB","Xiaomi","11.790.000đ","13.740.000đ","https://cellphones.com.vn/xiaomi-14t.html","https://cdn2.cellphones.com.vn/insecure/rs:fill:358:358/q:90/plain/https://cellphones.com.vn/media/catalog/product/x/i/xiaomi_14t_2_.png"
"Nubia Music NFC 4GB 128GB (Bản đặc biệt)","Other","2.090.000đ","2.490.000đ","https://cellphones.com.vn/dien-thoai-nubia-music.html","https://cdn2.cellphones.com.vn/insecure/rs:fill:358:358/q:90/plain/https://cellphones.com.vn/media/catalog/product/d/i/dien-thoai-nubia-music_2_.png"
"Tecno Pova 7 8GB 128GB","Tecno","4.090.000đ","4.590.000đ","https://cellphones.com.vn/dien-thoai-tecno-pova-7.html","https://cdn2.cellphones.com.vn/insecure/rs:fill:358:358/q:90/plain/https://cellphones.com.vn/media/catalog/product/d/i/dien-thoai-tecno-pova-7_8_.png"
"OPPO Reno12 5G 12GB 256GB","Oppo","8.990.000đ","12.990.000đ","https://cellphones.com.vn/dien-thoai-oppo-reno12-5g.html","https://cdn2.cellphones.com.vn/insecure/rs:fill:358:358/q:90/plain/https://cellphones.com.vn/media/catalog/product/t/e/text_ng_n_5__7_70.png"
"Samsung Galaxy S25 Plus 512GB","Samsung","24.440.000đ","29.490.000đ","https://cellphones.com.vn/dien-thoai-samsung-galaxy-s25-plus-512gb.html","https://cdn2.cellphones.com.vn/insecure/rs:fill:358:358/q:90/plain/https://cellphones.com.vn/media/catalog/product/d/i/dien-thoai-samsung-galaxy-s25-plus_5.png"
"iPhone 17 Pro 1TB | Chính hãng","Apple","47.590.000đ","47.990.000đ","https://cellphones.com.vn/iphone-17-pro-1tb.html","https://cdn2.cellphones.com.vn/insecure/rs:fill:358:358/q:90/plain/https://cellphones.com.vn/media/catalog/product/i/p/iphone_17_pro_512gb_1.jpg"
"Xiaomi Redmi Note 13 Pro 8GB 256GB","Xiaomi","5.790.000đ","7.850.000đ","https://cellphones.com.vn/dien-thoai-xiaomi-redmi-note-13-pro-8gb-256gb.html","https://cdn2.cellphones.com.vn/insecure/rs:fill:358:358/q:90/plain/https://cellphones.com.vn/media/catalog/product/x/i/xiaomi-redmi-note-13-pro-4g_13__1_3.png"
"Samsung Galaxy A06 4GB 128GB","Samsung","3.090.000đ","3.430.000đ","https://cellphones.com.vn/dien-thoai-samsung-galaxy-a06.html","https://cdn2.cellphones.com.vn/insecure/rs:fill:358:358/q:90/plain/https://cellphones.com.vn/media/catalog/product/d/i/dien-thoai-samsung-galaxy-a06_3.png"
"Nubia Air 5G 8GB 256GB","Other","4.990.000đ","5.990.000đ","https://cellphones.com.vn/dien-thoai-nubia-air-5g.html","https://cdn2.cellphones.com.vn/insecure/rs:fill:358:358/q:90/plain/https://cellphones.com.vn/media/catalog/product/d/i/dien-thoai-nubia-air-5g.jpg"
"HONOR X5b 4GB 64GB","Other","2.160.000đ","","https://cellphones.com.vn/dien-thoai-honor-x5b.html","https://cdn2.cellphones.com.vn/insecure/rs:fill:358:358/q:90/plain/https://cellphones.com.vn/media/catalog/product/_/i/_i_n_tho_i_honor_x5b_4gb_64gb-1.jpg"
"Điện thoại Nubia Z70S Ultra 5G 12GB 256GB","Other","19.990.000đ","20.990.000đ","https://cellphones.com.vn/dien-thoai-nubia-z70s-ultra-5g.html","https://cdn2.cellphones.com.vn/insecure/rs:fill:358:358/q:90/plain/https://cellphones.com.vn/media/catalog/product/d/i/dien-thoai-nubia-z70s-ultra-5g_8__1_2.png"
"TECNO SPARK 30 Pro 8GB 256GB Transformer - Chỉ có tại CellphoneS","Tecno","3.990.000đ","5.200.000đ","https://cellphones.com.vn/dien-thoai-tecno-spark-30-pro-8gb-256gb.html","https://cdn2.cellphones.com.vn/insecure/rs:fill:358:358/q:90/plain/https://cellphones.com.vn/media/catalog/product/d/i/dien-thoai-tecno-spark-30-pro-8gb-256gb.png"
"OPPO Reno12 F 5G 8GB 256GB","Oppo","7.120.000đ","9.490.000đ","https://cellphones.com.vn/dien-thoai-oppo-reno12-f.html","https://cdn2.cellphones.com.vn/insecure/rs:fill:358:358/q:90/plain/https://cellphones.com.vn/media/catalog/product/t/e/text_ng_n_4__6_73.png"
"Samsung Galaxy A17 8GB 128GB","Samsung","4.490.000đ","5.190.000đ","https://cellphones.com.vn/dien-thoai-samsung-galaxy-a17.html","https://cdn2.cellphones.com.vn/insecure/rs:fill:358:358/q:90/plain/https://cellphones.com.vn/media/catalog/product/s/a/samsung-galaxy-a17.jpg"
"Samsung Galaxy A07 8GB 256GB","Samsung","4.490.000đ","","https://cellphones.com.vn/dien-thoai-samsung-galaxy-a07-256gb.html","https://cdn2.cellphones.com.vn/insecure/rs:fill:358:358/q:90/plain/https://cellphones.com.vn/media/catalog/product/s/a/samsung-galaxy-a07-black_3.jpg"
"Samsung Galaxy M55 5G 8GB 256GB","Samsung","6.990.000đ","10.010.000đ","https://cellphones.com.vn/dien-thoai-samsung-galaxy-m55-5g-8gb-256gb.html","https://cdn2.cellphones.com.vn/insecure/rs:fill:358:358/q:90/plain/https://cellphones.com.vn/media/catalog/product/d/i/dien-thoai-samsung-galaxy-m55_2.png"
"Xiaomi POCO X7 5G 12GB 512GB","Xiaomi","7.950.000đ","9.350.000đ","https://cellphones.com.vn/dien-thoai-xiaomi-poco-x7-5g.html","https://cdn2.cellphones.com.vn/insecure/rs:fill:358:358/q:90/plain/https://cellphones.com.vn/media/catalog/product/d/i/dien-thoai-xiaomi-poco-x7-5g.png"
"ZTE Nubia Z60S Pro 16GB 512GB","Other","12.490.000đ","13.000.000đ","https://cellphones.com.vn/dien-thoai-zte-nubia-z60s-pro-16gb-512gb.html","https://cdn2.cellphones.com.vn/insecure/rs:fill:358:358/q:90/plain/https://cellphones.com.vn/media/catalog/product/d/i/dien-thoai-zte-nubia-z60s-pro_4__1.png"
"Điện thoại Meizu Mblu 21 4GB 64GB","Other","1.990.000đ","2.490.000đ","https://cellphones.com.vn/dien-thoai-meizu-mblu-21.html","https://cdn2.cellphones.com.vn/insecure/rs:fill:358:358/q:90/plain/https://cellphones.com.vn/media/catalog/product/d/i/dien-thoai-meizu-mblu-21_4__2.png"
"Sony Xperia 10 VII 8GB 128GB","Sony","13.490.000đ","","https://cellphones.com.vn/dien-thoai-sony-xperia-10-vii.html","https://cdn2.cellphones.com.vn/insecure/rs:fill:358:358/q:90/plain/https://cellphones.com.vn/media/catalog/product/d/i/dien-thoai-sony-xperia-10-vii-7.jpg"
"Điện thoại Nubia Z70 Ultra 5G 16GB 512GB bản đặc biệt","Other","22.990.000đ","23.990.000đ","https://cellphones.com.vn/dien-thoai-zte-z70-ultra.html","https://cdn2.cellphones.com.vn/insecure/rs:fill:358:358/q:90/plain/https://cellphones.com.vn/media/catalog/product/d/i/dien-thoai-nubia-z70s-ultra-5g_10_.png"
"HONOR 400 5G 12GB 256GB","Other","11.990.000đ","13.250.000đ","https://cellphones.com.vn/dien-thoai-honor-400-5g.html","https://cdn2.cellphones.com.vn/insecure/rs:fill:358:358/q:90/plain/https://cellphones.com.vn/media/catalog/product/_/i/_i_n_tho_i_honor_400_5g_12gb_256gb.jpg"
"Nubia V70 Max 4GB 128GB","Other","2.390.000đ","","https://cellphones.com.vn/dien-thoai-nubia-v70-max-4gb-128gb.html","https://cdn2.cellphones.com.vn/insecure/rs:fill:358:358/q:90/plain/https://cellphones.com.vn/media/catalog/product/d/i/dien-thoai-nubia-v70-max-4gb-128gb_1_.png"
"Nothing Phone 3A 8GB 128GB","Other","8.490.000đ","8.990.000đ","https://cellphones.com.vn/dien-thoai-nothing-phone-3a.html","https://cdn2.cellphones.com.vn/insecure/rs:fill:358:358/q:90/plain/https://cellphones.com.vn/media/catalog/product/i/m/image_96__1_2.png"
"Sony Xperia 1VI 12GB 256GB","Sony","22.990.000đ","32.990.000đ","https://cellphones.com.vn/dien-thoai-sony-xperia-1-vi.html","https://cdn2.cellphones.com.vn/insecure/rs:fill:358:358/q:90/plain/https://cellphones.com.vn/media/catalog/product/1/0/10_1_.png"
"OPPO Reno13 F 5G 12GB 256GB","Oppo","9.990.000đ","10.990.000đ","https://cellphones.com.vn/dien-thoai-oppo-reno13f-5g.html","https://cdn2.cellphones.com.vn/insecure/rs:fill:358:358/q:90/plain/https://cellphones.com.vn/media/catalog/product/d/i/dien-thoai-oppo-reno13f-5g_3_.png"
"Samsung Galaxy Z Fold7 12GB 512GB","Samsung","45.990.000đ","50.990.000đ","https://cellphones.com.vn/dien-thoai-samsung-galaxy-z-fold-7-12gb-512gb.html","https://cdn2.cellphones.com.vn/insecure/rs:fill:358:358/q:90/plain/https://cellphones.com.vn/media/catalog/product/s/a/samsung-galaxy-z-fold-7_2.jpg"
"Xiaomi Redmi 14C 4GB 128GB","Xiaomi","2.850.000đ","3.240.000đ","https://cellphones.com.vn/dien-thoai-xiaomi-redmi-14c.html","https://cdn2.cellphones.com.vn/insecure/rs:fill:358:358/q:90/plain/https://cellphones.com.vn/media/catalog/product/x/i/xiaomi_redmi_14c_5_.png"
"OPPO A5i 4GB 128GB","Oppo","3.690.000đ","","https://cellphones.com.vn/dien-thoai-oppo-a5i-4gb-128gb.html","https://cdn2.cellphones.com.vn/insecure/rs:fill:358:358/q:90/plain/https://cellphones.com.vn/media/catalog/product/o/p/oppo-a5i-4gb-128gb-do-tim.jpg"
"iPhone Air 512GB | Chính hãng","Apple","35.990.000đ","38.490.000đ","https://cellphones.com.vn/iphone-air-512gb.html","https://cdn2.cellphones.com.vn/insecure/rs:fill:358:358/q:90/plain/https://cellphones.com.vn/media/catalog/product/i/p/iphone_air-3_3.jpg"
"Tecno Pova 7 8GB 256GB","Tecno","4.590.000đ","5.290.000đ","https://cellphones.com.vn/dien-thoai-tecno-pova-7-256gb.html","https://cdn2.cellphones.com.vn/insecure/rs:fill:358:358/q:90/plain/https://cellphones.com.vn/media/catalog/product/d/i/dien-thoai-tecno-pova-7-256gb_13_.png"
"Xiaomi POCO X6 Pro 5G 8GB 256GB - Chỉ có tại CellphoneS","Xiaomi","7.540.000đ","9.790.000đ","https://cellphones.com.vn/dien-thoai-xiaomi-poco-x6-pro.html","https://cdn2.cellphones.com.vn/insecure/rs:fill:358:358/q:90/plain/https://cellphones.com.vn/media/catalog/product/t/_/t_i_xu_ng_22__6.png"
"Xiaomi POCO C71 4GB 128GB","Xiaomi","2.650.000đ","3.150.000đ","https://cellphones.com.vn/dien-thoai-xiaomi-poco-c71.html","https://cdn2.cellphones.com.vn/insecure/rs:fill:358:358/q:90/plain/https://cellphones.com.vn/media/catalog/product/d/i/dien-thoai-xiaomi-poco-c71_2__1.png"
"Samsung Galaxy M55 12GB 256GB","Samsung","7.790.000đ","10.990.000đ","https://cellphones.com.vn/dien-thoai-samsung-galaxy-m55.html","https://cdn2.cellphones.com.vn/insecure/rs:fill:358:358/q:90/plain/https://cellphones.com.vn/media/catalog/product/d/i/dien-thoai-samsung-galaxy-m55.png"
"OPPO A5i Pro 8GB 128GB","Oppo","5.290.000đ","5.490.000đ","https://cellphones.com.vn/dien-thoai-oppo-a5i-pro.html","https://cdn2.cellphones.com.vn/insecure/rs:fill:358:358/q:90/plain/https://cellphones.com.vn/media/catalog/product/d/i/dien-thoai-oppo-a5i-pro-tr.jpg"
"iPhone 13 Pro Max 256GB | Chính hãng VN/A","Apple","23.990.000đ","31.990.000đ","https://cellphones.com.vn/iphone-13-pro-max-256gb.html","https://cdn2.cellphones.com.vn/insecure/rs:fill:358:358/q:90/plain/https://cellphones.com.vn/media/catalog/product/i/p/iphone-13-pro-max-256gb.png"
"TECNO Spark 40 6GB 128GB","Tecno","2.990.000đ","3.490.000đ","https://cellphones.com.vn/dien-thoai-tecno-spark-40.html","https://cdn2.cellphones.com.vn/insecure/rs:fill:358:358/q:90/plain/https://cellphones.com.vn/media/catalog/product/t/e/tecno-spark-go-4-black.jpg"
"Samsung Galaxy Z Fold 6 12GB 256GB","Samsung","31.490.000đ","43.990.000đ","https://cellphones.com.vn/samsung-galaxy-z-fold-6.html","https://cdn2.cellphones.com.vn/insecure/rs:fill:358:358/q:90/plain/https://cellphones.com.vn/media/catalog/product/s/a/samsung-galaxy-z-fold-6.jpg"
"HONOR 400 Lite 5G 12GB 256GB","Other","8.130.000đ","8.830.000đ","https://cellphones.com.vn/dien-thoai-honor-400-lite-5g.html","https://cdn2.cellphones.com.vn/insecure/rs:fill:358:358/q:90/plain/https://cellphones.com.vn/media/catalog/product/h/o/honor_400_lite_5g_12gb_256gb.jpg"
"OPPO A58 8GB 128GB","Oppo","4.500.000đ","5.490.000đ","https://cellphones.com.vn/oppo-a58-8gb-128gb.html","https://cdn2.cellphones.com.vn/insecure/rs:fill:358:358/q:90/plain/https://cellphones.com.vn/media/catalog/product/m/a/may-tinh-bang-huawei-matepad-se-11-inchmay-tinh-bang-huawei-matepad-pro-13-2-inch_6_.png"
"OPPO A79 5G 8GB 256GB","Oppo","6.860.000đ","7.490.000đ","https://cellphones.com.vn/oppo-a79.html","https://cdn2.cellphones.com.vn/insecure/rs:fill:358:358/q:90/plain/https://cellphones.com.vn/media/catalog/product/o/p/oppo-a79-tim.png"
"HONOR 400 Pro 5G 12GB 512GB","Other","16.990.000đ","18.660.000đ","https://cellphones.com.vn/dien-thoai-honor-400-pro-5g.html","https://cdn2.cellphones.com.vn/insecure/rs:fill:358:358/q:90/plain/https://cellphones.com.vn/media/catalog/product/h/o/honor_400_pro_5g_12gb_512gb-2_1.jpg"
"Samsung Galaxy A16 LTE 4GB 128GB","Samsung","3.900.000đ","5.000.000đ","https://cellphones.com.vn/dien-thoai-samsung-galaxy-a16-lte.html","https://cdn2.cellphones.com.vn/insecure/rs:fill:358:358/q:90/plain/https://cellphones.com.vn/media/catalog/product/d/i/dien-thoai-samsung-galaxy-a16-lte_1__1.png"
"TECNO Spark 40 8GB 256GB","Tecno","3.590.000đ","4.190.000đ","https://cellphones.com.vn/dien-thoai-tecno-spark-40-8gb-256gb.html","https://cdn2.cellphones.com.vn/insecure/rs:fill:358:358/q:90/plain/https://cellphones.com.vn/media/catalog/product/t/e/tecno-spark-go-4-black_1.jpg"
"Nothing Phone 2A 5G 8GB 128GB - Chỉ có tại CellphoneS","Other","6.990.000đ","8.990.000đ","https://cellphones.com.vn/dien-thoai-nothing-phone-2a.html","https://cdn2.cellphones.com.vn/insecure/rs:fill:358:358/q:90/plain/https://cellphones.com.vn/media/catalog/product/d/i/dien-thoai-nothing-phone-2a_1_1.png"
"Samsung Galaxy A35 5G 8GB 128GB","Samsung","6.190.000đ","8.290.000đ","https://cellphones.com.vn/samsung-galaxy-a35.html","https://cdn2.cellphones.com.vn/insecure/rs:fill:358:358/q:90/plain/https://cellphones.com.vn/media/catalog/product/a/m/amsung-galaxy-a35.png"
"iPhone Air 1TB | Chính hãng","Apple","41.490.000đ","44.990.000đ","https://cellphones.com.vn/iphone-air-1tb.html","https://cdn2.cellphones.com.vn/insecure/rs:fill:358:358/q:90/plain/https://cellphones.com.vn/media/catalog/product/i/p/iphone_air-3_4.jpg"
"TECNO Spark Go 2 4GB 64GB","Tecno","2.290.000đ","2.590.000đ","https://cellphones.com.vn/dien-thoai-tecno-spark-go-2.html","https://cdn2.cellphones.com.vn/insecure/rs:fill:358:358/q:90/plain/https://cellphones.com.vn/media/catalog/product/t/e/tecno-spark-go-2-black.jpg"
"Samsung Galaxy S23 8GB 128GB ĐKH Online - Chỉ có tại CellphoneS","Samsung","13.790.000đ","22.990.000đ","https://cellphones.com.vn/samsung-galaxy-s23-128gb.html","https://cdn2.cellphones.com.vn/insecure/rs:fill:358:358/q:90/plain/https://cellphones.com.vn/media/catalog/product/s/a/samsung-s23_1.png"
"Samsung Galaxy A25 5G 6GB 128GB","Samsung","4.690.000đ","6.590.000đ","https://cellphones.com.vn/samsung-galaxy-a25.html","https://cdn2.cellphones.com.vn/insecure/rs:fill:358:358/q:90/plain/https://cellphones.com.vn/media/catalog/product/s/a/samsung-galaxy-a25_1_.png"
"TECNO CAMON 30S 8GB 256GB","Tecno","4.090.000đ","5.400.000đ","https://cellphones.com.vn/dien-thoai-tecno-camon-30s.html","https://cdn2.cellphones.com.vn/insecure/rs:fill:358:358/q:90/plain/https://cellphones.com.vn/media/catalog/product/d/i/dien-thoai-tecno-camon-30s_20_.png"
"OPPO A58 4G 6GB 128GB","Oppo","4.090.000đ","4.990.000đ","https://cellphones.com.vn/oppo-a58.html","https://cdn2.cellphones.com.vn/insecure/rs:fill:358:358/q:90/plain/https://cellphones.com.vn/media/catalog/product/o/p/oppo-a58-den.jpg"
"Samsung Galaxy S24 Plus 12GB 512GB","Samsung","21.190.000đ","29.940.000đ","https://cellphones.com.vn/samsung-galaxy-s24-plus-512gb.html","https://cdn2.cellphones.com.vn/insecure/rs:fill:358:358/q:90/plain/https://cellphones.com.vn/media/catalog/product/s/a/samsung-galaxy-s24-plus_1.png"
"Nubia V70 Max 6GB 128GB","Other","2.590.000đ","","https://cellphones.com.vn/dien-thoai-nubia-v70-max-6gb-128gb.html","https://cdn2.cellphones.com.vn/insecure/rs:fill:358:358/q:90/plain/https://cellphones.com.vn/media/catalog/product/d/i/dien-thoai-nubia-v70-max-4gb-128gb_1__1.png"
"OPPO A18 4GB 128GB","Oppo","3.190.000đ","3.990.000đ","https://cellphones.com.vn/oppo-a18.html","https://cdn2.cellphones.com.vn/insecure/rs:fill:358:358/q:90/plain/https://cellphones.com.vn/media/catalog/product/o/p/oppo-a18-den.png"
"OPPO Find X5 Pro 5G 12GB 256GB","Oppo","12.990.000đ","15.990.000đ","https://cellphones.com.vn/oppo-find-x5-pro.html","https://cdn2.cellphones.com.vn/insecure/rs:fill:358:358/q:90/plain/https://cellphones.com.vn/media/catalog/product/d/o/download_1__6_6.png"
"OPPO A3 8GB 256GB","Oppo","5.480.000đ","6.490.000đ","https://cellphones.com.vn/dien-thoai-oppo-a3-8gb-256gb.html","https://cdn2.cellphones.com.vn/insecure/rs:fill:358:358/q:90/plain/https://cellphones.com.vn/media/catalog/product/t/e/text_ng_n_7__2_104.png"
"OPPO A3 6GB 128GB","Oppo","4.500.000đ","4.990.000đ","https://cellphones.com.vn/dien-thoai-oppo-a3.html","https://cdn2.cellphones.com.vn/insecure/rs:fill:358:358/q:90/plain/https://cellphones.com.vn/media/catalog/product/t/e/text_ng_n_7__2_102.png"
"HONOR X7c 8GB 256GB","Other","4.700.000đ","5.400.000đ","https://cellphones.com.vn/dien-thoai-honor-x7c.html","https://cdn2.cellphones.com.vn/insecure/rs:fill:358:358/q:90/plain/https://cellphones.com.vn/media/catalog/product/_/i/_i_n_tho_i_honor_x7c_8gb_256gb-4_1.jpg"
"OPPO A3X 6GB 128GB","Oppo","4.210.000đ","4.690.000đ","https://cellphones.com.vn/dien-thoai-oppo-a3x-6gb-128gb.html","https://cdn2.cellphones.com.vn/insecure/rs:fill:358:358/q:90/plain/https://cellphones.com.vn/media/catalog/product/d/i/dien-thoai-oppo-a3x_4__2.png"
"TECNO CAMON 40 Pro 8GB 256GB","Tecno","5.670.000đ","6.870.000đ","https://cellphones.com.vn/dien-thoai-tecno-camon-40-pro.html","https://cdn2.cellphones.com.vn/insecure/rs:fill:358:358/q:90/plain/https://cellphones.com.vn/media/catalog/product/d/i/dien-thoai-tecno-camon-40-pro_2_.png"
"OPPO Find N3 Flip 12GB 256GB","Oppo","13.990.000đ","22.990.000đ","https://cellphones.com.vn/oppo-find-n3-flip.html","https://cdn2.cellphones.com.vn/insecure/rs:fill:358:358/q:90/plain/https://cellphones.com.vn/media/catalog/product/f/i/find-n3-flip-vang_1.png"
"Điện thoại Meizu Mblu 21 6GB 128GB","Other","2.390.000đ","2.990.000đ","https://cellphones.com.vn/dien-thoai-meizu-mblu-21-128gb.html","https://cdn2.cellphones.com.vn/insecure/rs:fill:358:358/q:90/plain/https://cellphones.com.vn/media/catalog/product/d/i/dien-thoai-meizu-mblu-21_3__1.png"
"Nokia 3210 4G","Nokia","1.430.000đ","1.490.000đ","https://cellphones.com.vn/nokia-3210-4g.html","https://cdn2.cellphones.com.vn/insecure/rs:fill:358:358/q:90/plain/https://cellphones.com.vn/media/catalog/product/n/o/nokia-3210-4g.png"
"Điện thoại Itel P55 Plus NFC 8GB 256GB","Other","2.990.000đ","3.490.000đ","https://cellphones.com.vn/dien-thoai-itel-p55-plus-8gb-256gb.html","https://cdn2.cellphones.com.vn/insecure/rs:fill:358:358/q:90/plain/https://cellphones.com.vn/media/catalog/product/d/i/dien-thoai-itel-p55-plus-8gb-256gb_1__2.png"
"OPPO Find N3 16GB 512GB","Oppo","26.990.000đ","44.990.000đ","https://cellphones.com.vn/oppo-find-n3.html","https://cdn2.cellphones.com.vn/insecure/rs:fill:358:358/q:90/plain/https://cellphones.com.vn/media/catalog/product/f/i/find_n3_-_combo_product_-_gold.png"
"Nothing Phone 3A 12GB 256GB","Other","9.690.000đ","10.190.000đ","https://cellphones.com.vn/dien-thoai-nothing-phone-3a-12gb-256gb.html","https://cdn2.cellphones.com.vn/insecure/rs:fill:358:358/q:90/plain/https://cellphones.com.vn/media/catalog/product/d/i/dien-thoai-nothing-phone-3a-12gb-256gb_2__1.png"
"Điện thoại Meizu Mblu 22 Pro NFC 4GB 128GB","Other","2.590.000đ","2.790.000đ","https://cellphones.com.vn/dien-thoai-meizu-mblu-22-pro.html","https://cdn2.cellphones.com.vn/insecure/rs:fill:358:358/q:90/plain/https://cellphones.com.vn/media/catalog/product/_/i/_i_n_tho_i_meizu_mblu_22_pro_nfc_4gb_128gb_2.jpg"
"OPPO Reno10 5G 8GB 256GB","Oppo","8.490.000đ","10.990.000đ","https://cellphones.com.vn/oppo-reno10.html","https://cdn2.cellphones.com.vn/insecure/rs:fill:358:358/q:90/plain/https://cellphones.com.vn/media/catalog/product/r/e/reno10_5g_-_combo_product_-_blue.png"
"TECNO POVA 6 NEO 8GB 128GB","Tecno","3.890.000đ","4.590.000đ","https://cellphones.com.vn/tecno-pova-6-neo.html","https://cdn2.cellphones.com.vn/insecure/rs:fill:358:358/q:90/plain/https://cellphones.com.vn/media/catalog/product/t/e/tecno-pova-6-neo-1.png"
"TECNO CAMON 30 8GB 256GB","Tecno","4.690.000đ","6.380.000đ","https://cellphones.com.vn/tecno-camon-30.html","https://cdn2.cellphones.com.vn/insecure/rs:fill:358:358/q:90/plain/https://cellphones.com.vn/media/catalog/product/t/e/tecno-camon-30.jpg"
"OPPO A18 4GB 64GB","Oppo","2.890.000đ","3.290.000đ","https://cellphones.com.vn/dien-thoai-oppo-a18-4gb-64gb.html","https://cdn2.cellphones.com.vn/insecure/rs:fill:358:358/q:90/plain/https://cellphones.com.vn/media/catalog/product/d/i/dien-thoai-oppo-a18-4gb-64gb_1_.png"
"TECNO POVA 6 8GB 256GB","Tecno","5.390.000đ","6.490.000đ","https://cellphones.com.vn/tecno-pova-6.html","https://cdn2.cellphones.com.vn/insecure/rs:fill:358:358/q:90/plain/https://cellphones.com.vn/media/catalog/product/t/e/tecno-pova-6-1.png"
"Samsung Galaxy Z Flip7 12GB 512GB","Samsung","29.990.000đ","32.990.000đ","https://cellphones.com.vn/dien-thoai-samsung-galaxy-z-flip-7-12gb-512gb.html","https://cdn2.cellphones.com.vn/insecure/rs:fill:358:358/q:90/plain/https://cellphones.com.vn/media/catalog/product/s/a/samsung-galaxy-z-flip-7-1_2.jpg"
"Điện thoại Nubia A36 4GB 64GB","Other","1.890.000đ","1.990.000đ","https://cellphones.com.vn/dien-thoai-nubia-a36.html","https://cdn2.cellphones.com.vn/insecure/rs:fill:358:358/q:90/plain/https://cellphones.com.vn/media/catalog/product/d/i/dien-thoai-nubia-a36_5_.png"
"Nokia 105 4G Pro","Nokia","690.000đ","","https://cellphones.com.vn/nokia-105-4g-pro.html","https://cdn2.cellphones.com.vn/insecure/rs:fill:358:358/q:90/plain/https://cellphones.com.vn/media/catalog/product/n/o/nokia-105-4g-pro_1__1.png"
"Nothing Phone 2A 5G 12GB 256GB - Chỉ có tại CellphoneS","Other","8.190.000đ","10.190.000đ","https://cellphones.com.vn/dien-thoai-nothing-phone-2a-12gb-256gb.html","https://cdn2.cellphones.com.vn/insecure/rs:fill:358:358/q:90/plain/https://cellphones.com.vn/media/catalog/product/d/i/dien-thoai-nothing-phone-2a_1_1_2.png"
"TECNO CAMON 40 8GB 128GB","Tecno","5.090.000đ","5.890.000đ","https://cellphones.com.vn/dien-thoai-tecno-camon-40.html","https://cdn2.cellphones.com.vn/insecure/rs:fill:358:358/q:90/plain/https://cellphones.com.vn/media/catalog/product/d/i/dien-thoai-tecno-camon-40_1_.png"
"HONOR 400 5G 12GB 512GB","Other","12.990.000đ","14.230.000đ","https://cellphones.com.vn/dien-thoai-honor-400-5g-12gb-512gb.html","https://cdn2.cellphones.com.vn/insecure/rs:fill:358:358/q:90/plain/https://cellphones.com.vn/media/catalog/product/_/i/_i_n_tho_i_honor_400_5g_12gb_256gb_2.jpg"
"OPPO A77s 8GB 128GB","Oppo","4.790.000đ","6.290.000đ","https://cellphones.com.vn/oppo-a77s.html","https://cdn2.cellphones.com.vn/insecure/rs:fill:358:358/q:90/plain/https://cellphones.com.vn/media/catalog/product/o/p/oppo-a55_1_.png"
"Samsung Galaxy Z Fold6 12GB 512GB","Samsung","34.900.000đ","47.990.000đ","https://cellphones.com.vn/samsung-galaxy-z-fold-6-512gb.html","https://cdn2.cellphones.com.vn/insecure/rs:fill:358:358/q:90/plain/https://cellphones.com.vn/media/catalog/product/s/a/samsung-galaxy-z-fold-6_2.jpg"
"Nokia 220 4G","Nokia","970.000đ","980.000đ","https://cellphones.com.vn/nokia-220-4g.html","https://cdn2.cellphones.com.vn/insecure/rs:fill:358:358/q:90/plain/https://cellphones.com.vn/media/catalog/product/n/o/nokia-220-4g_6_.png"
"Samsung Galaxy A54 5G 8GB 128GB","Samsung","7.390.000đ","10.490.000đ","https://cellphones.com.vn/samsung-galaxy-a54.html","https://cdn2.cellphones.com.vn/insecure/rs:fill:358:358/q:90/plain/https://cellphones.com.vn/media/catalog/product/s/a/samsung-galaxy-a54.png"
"Itel RS4 8GB 256GB NFC","Other","3.290.000đ","3.990.000đ","https://cellphones.com.vn/dien-thoai-itel-rs4.html","https://cdn2.cellphones.com.vn/insecure/rs:fill:358:358/q:90/plain/https://cellphones.com.vn/media/catalog/product/d/i/dien-thoai-itel-rs4_2_.png"
"TECNO SPARK 30 5G 6GB 128GB","Tecno","3.410.000đ","4.410.000đ","https://cellphones.com.vn/dien-thoai-tecno-spark-30-5g.html","https://cdn2.cellphones.com.vn/insecure/rs:fill:358:358/q:90/plain/https://cellphones.com.vn/media/catalog/product/d/i/dien-thoai-tecno-spark-30-5g.png"
"HONOR X6c 6GB 128GB","Other","3.890.000đ","4.290.000đ","https://cellphones.com.vn/dien-thoai-honor-x6c.html","https://cdn2.cellphones.com.vn/insecure/rs:fill:358:358/q:90/plain/https://cellphones.com.vn/media/catalog/product/_/i/_i_n_tho_i_honor_x6c_6gb_128gb.jpg"
"Infinix Note 50 Pro 12GB 256GB","Infinix","6.560.000đ","6.860.000đ","https://cellphones.com.vn/dien-thoai-infinix-note-50-pro.html","https://cdn2.cellphones.com.vn/insecure/rs:fill:358:358/q:90/plain/https://cellphones.com.vn/media/catalog/product/d/i/dien-thoai-infinix-note-50-pro_15_.png"
"Masstel Izi 15 4G","Other","420.000đ","450.000đ","https://cellphones.com.vn/masstel-izi-15.html","https://cdn2.cellphones.com.vn/insecure/rs:fill:358:358/q:90/plain/https://cellphones.com.vn/media/catalog/product/m/a/masstel-izi-15.png"
"Điện thoại trẻ em Masstel Alfa 5","Other","1.390.000đ","","https://cellphones.com.vn/dien-thoai-masstel-alfa-5.html","https://cdn2.cellphones.com.vn/insecure/rs:fill:358:358/q:90/plain/https://cellphones.com.vn/media/catalog/product/d/i/dien-thoai-masstel-alfa-5.jpg"
"Itel RS4 12GB 256GB NFC","Other","3.390.000đ","4.590.000đ","https://cellphones.com.vn/dien-thoai-itel-rs4-12gb-256gb.html","https://cdn2.cellphones.com.vn/insecure/rs:fill:358:358/q:90/plain/https://cellphones.com.vn/media/catalog/product/d/i/dien-thoai-itel-rs4_2__4.png"
"Điện thoại Nubia A56 4GB 128GB","Other","2.190.000đ","2.290.000đ","https://cellphones.com.vn/dien-thoai-nubia-a56-4gb-128gb.html","https://cdn2.cellphones.com.vn/insecure/rs:fill:358:358/q:90/plain/https://cellphones.com.vn/media/catalog/product/d/i/dien-thoai-nubia-a56_1.png"
"TECNO CAMON 40 8GB 256GB","Tecno","5.380.000đ","6.380.000đ","https://cellphones.com.vn/dien-thoai-tecno-camon-40-8gb-256gb.html","https://cdn2.cellphones.com.vn/insecure/rs:fill:358:358/q:90/plain/https://cellphones.com.vn/media/catalog/product/d/i/dien-thoai-tecno-camon-40-8gb-256gb_8__1.png"
"Benco S1 Pro 8GB 256GB","Other","3.590.000đ","4.290.000đ","https://cellphones.com.vn/dien-thoai-benco-s1-pro.html","https://cdn2.cellphones.com.vn/insecure/rs:fill:358:358/q:90/plain/https://cellphones.com.vn/media/catalog/product/b/e/benco-s1-pro-xanh.png"
"Điện thoại Masstel S7 4GB 128GB","Other","1.890.000đ","2.490.000đ","https://cellphones.com.vn/dien-thoai-masstel-s7.html","https://cdn2.cellphones.com.vn/insecure/rs:fill:358:358/q:90/plain/https://cellphones.com.vn/media/catalog/product/d/i/dien-thoai-masstel-s7.png"
"realme C61 6GB 128GB","Realme","2.790.000đ","3.990.000đ","https://cellphones.com.vn/dien-thoai-realme-c61-6gb-128gb.html","https://cdn2.cellphones.com.vn/insecure/rs:fill:358:358/q:90/plain/https://cellphones.com.vn/media/catalog/product/d/i/dien-thoai-realme-c61_2__2.png"
"Nokia HMD 105 4G","Nokia","640.000đ","","https://cellphones.com.vn/nokia-hmd-105-4g.html","https://cdn2.cellphones.com.vn/insecure/rs:fill:358:358/q:90/plain/https://cellphones.com.vn/media/catalog/product/n/o/nokia-hmd-105-4g_3_.png"
"TECNO CAMON 30 12GB 256GB","Tecno","5.090.000đ","6.870.000đ","https://cellphones.com.vn/dien-thoai-tecno-camon-30-12gb-256gb.html","https://cdn2.cellphones.com.vn/insecure/rs:fill:358:358/q:90/plain/https://cellphones.com.vn/media/catalog/product/d/i/dien-thoai-tecno-camon-30-12gb-256gb_1.jpg"
"realme C61 4GB 128GB","Realme","2.390.000đ","3.590.000đ","https://cellphones.com.vn/dien-thoai-realme-c61.html","https://cdn2.cellphones.com.vn/insecure/rs:fill:358:358/q:90/plain/https://cellphones.com.vn/media/catalog/product/d/i/dien-thoai-realme-c61_2_.png"
"Nubia V60 Design 6GB 256GB","Other","2.690.000đ","3.290.000đ","https://cellphones.com.vn/dien-thoai-nubia-v60-design.html","https://cdn2.cellphones.com.vn/insecure/rs:fill:358:358/q:90/plain/https://cellphones.com.vn/media/catalog/product/d/i/dien-thoai-nubia-v60-design-6gb-256gb.png"
"Xiaomi Redmi Note 11 Pro","Xiaomi","5.790.000đ","7.490.000đ","https://cellphones.com.vn/xiaomi-redmi-note-11-pro.html","https://cdn2.cellphones.com.vn/insecure/rs:fill:358:358/q:90/plain/https://cellphones.com.vn/media/catalog/product/x/i/xiaomi-redmi-note-11-pro.png"
"Infinix Note 50 8GB 256GB","Infinix","5.590.000đ","5.890.000đ","https://cellphones.com.vn/dien-thoai-infinix-note-50.html","https://cdn2.cellphones.com.vn/insecure/rs:fill:358:358/q:90/plain/https://cellphones.com.vn/media/catalog/product/d/i/dien-thoai-infinix-note-50_6_.png"
"Itel RS4 8GB 128GB NFC","Other","2.990.000đ","3.990.000đ","https://cellphones.com.vn/dien-thoai-itel-rs4-128gb.html","https://cdn2.cellphones.com.vn/insecure/rs:fill:358:358/q:90/plain/https://cellphones.com.vn/media/catalog/product/d/i/dien-thoai-itel-rs4_2__3.png"
"Samsung Galaxy S24 8GB 512GB","Samsung","19.190.000đ","26.490.000đ","https://cellphones.com.vn/samsung-galaxy-s24-512gb.html","https://cdn2.cellphones.com.vn/insecure/rs:fill:358:358/q:90/plain/https://cellphones.com.vn/media/catalog/product/s/2/s24-thumb.png"
"OPPO Reno10 128GB","Oppo","7.990.000đ","9.990.000đ","https://cellphones.com.vn/oppo-reno10-128gb.html","https://cdn2.cellphones.com.vn/insecure/rs:fill:358:358/q:90/plain/https://cellphones.com.vn/media/catalog/product/o/p/oppo-reno10._1.png"
"Itel P55 Plus 8GB 128GB","Other","2.590.000đ","3.290.000đ","https://cellphones.com.vn/dien-thoai-itel-p55-plus.html","https://cdn2.cellphones.com.vn/insecure/rs:fill:358:358/q:90/plain/https://cellphones.com.vn/media/catalog/product/d/i/dien-thoai-itel-p55-plus_1_.png"
"realme Note 60x 3GB 64GB","Realme","2.690.000đ","","https://cellphones.com.vn/dien-thoai-realme-note-60x.html","https://cdn2.cellphones.com.vn/insecure/rs:fill:358:358/q:90/plain/https://cellphones.com.vn/media/catalog/product/d/i/dien-thoai-realme-note-60x.png"
"Masstel izi T5 plus 4G","Other","530.000đ","","https://cellphones.com.vn/dien-thoai-masstel-izi-t5-plus.html","https://cdn2.cellphones.com.vn/insecure/rs:fill:358:358/q:90/plain/https://cellphones.com.vn/media/catalog/product/m/a/masstel_izi_t5_plus_4g.jpg"
"Xiaomi 13T Pro 5G 12GB 512GB - Chỉ có tại CellphoneS","Xiaomi","Giá Liên Hệ","","https://cellphones.com.vn/xiaomi-13t-pro.html","https://cdn2.cellphones.com.vn/insecure/rs:fill:358:358/q:90/plain/https://cellphones.com.vn/media/catalog/product/x/i/xiaomi-13-pro-thumb-xanh-la9.jpg"
"Masstel izi 16 4G","Other","450.000đ","","https://cellphones.com.vn/dien-thoai-masstel-izi-16-4g.html","https://cdn2.cellphones.com.vn/insecure/rs:fill:358:358/q:90/plain/https://cellphones.com.vn/media/catalog/product/d/i/dien-thoai-masstel-izi-16-4g.png"
"Masstel izi 22","Other","470.000đ","","https://cellphones.com.vn/dien-thoai-masstel-izi-22.html","https://cdn2.cellphones.com.vn/insecure/rs:fill:358:358/q:90/plain/https://cellphones.com.vn/media/catalog/product/m/a/masstel-izi-22-11.jpg"
"Masstel Fami 8 4G","Other","570.000đ","","https://cellphones.com.vn/dien-thoai-masstel-fami-8.html","https://cdn2.cellphones.com.vn/insecure/rs:fill:358:358/q:90/plain/https://cellphones.com.vn/media/catalog/product/d/i/dien-thoai-masstel-fami-8-1_1.jpg"
"Viettel T2 4G","Other","530.000đ","550.000đ","https://cellphones.com.vn/dien-thoai-viettel-t2-4g.html","https://cdn2.cellphones.com.vn/insecure/rs:fill:358:358/q:90/plain/https://cellphones.com.vn/media/catalog/product/d/i/dien-thoai-viettel-t2-4g_2_.png"
"realme C55 6GB 128GB","Realme","3.480.000đ","4.990.000đ","https://cellphones.com.vn/realme-c55.html","https://cdn2.cellphones.com.vn/insecure/rs:fill:358:358/q:90/plain/https://cellphones.com.vn/media/catalog/product/r/g/rgrgrtyt6.jpg"
"Masstel izi T2 4G","Other","500.000đ","","https://cellphones.com.vn/dien-thoai-masstel-izi-t2.html","https://cdn2.cellphones.com.vn/insecure/rs:fill:358:358/q:90/plain/https://cellphones.com.vn/media/catalog/product/d/i/dien-thoai-masstel-izi-t2_1.png"
"Xiaomi Redmi 10 (4GB - 64GB)","Xiaomi","3.190.000đ","3.990.000đ","https://cellphones.com.vn/xiaomi-redmi-10-64gb.html","https://cdn2.cellphones.com.vn/insecure/rs:fill:358:358/q:90/plain/https://cellphones.com.vn/media/catalog/product/0/0/004.jpg"
"Itel 9211 4G","Other","490.000đ","","https://cellphones.com.vn/dien-thoai-itel-9211-4g.html","https://cdn2.cellphones.com.vn/insecure/rs:fill:358:358/q:90/plain/https://cellphones.com.vn/media/catalog/product/d/i/dien-thoai-itel-9211-4g.png"
"iPhone 15 Plus 128GB | Chính hãng VN/A","Apple","17.690.000đ","22.990.000đ","https://cellphones.com.vn/iphone-15-plus.html","https://cdn2.cellphones.com.vn/insecure/rs:fill:358:358/q:90/plain/https://cellphones.com.vn/media/catalog/product/i/p/iphone-15-plus_1_.png"
"iPhone 17 Pro Max 1TB | Chính hãng","Apple","50.990.000đ","","https://cellphones.com.vn/iphone-17-pro-max-1tb.html","https://cdn2.cellphones.com.vn/insecure/rs:fill:358:358/q:90/plain/https://cellphones.com.vn/media/catalog/product/i/p/iphone-17-pro-cam_4.jpg"
"iPhone 14 Pro Max 128GB | Chính hãng VN/A","Apple","25.590.000đ","29.990.000đ","https://cellphones.com.vn/iphone-14-pro-max.html","https://cdn2.cellphones.com.vn/insecure/rs:fill:358:358/q:90/plain/https://cellphones.com.vn/media/catalog/product/i/p/iphone-14-pro_2__5.png"
"iPhone 15 Plus 256GB | Chính hãng VN/A","Apple","21.290.000đ","25.990.000đ","https://cellphones.com.vn/iphone-15-plus-256gb.html","https://cdn2.cellphones.com.vn/insecure/rs:fill:358:358/q:90/plain/https://cellphones.com.vn/media/catalog/product/i/p/iphone-15-plus-256gb_2.png"
"iPhone 15 Pro Max 256GB | Chính hãng VN/A","Apple","25.990.000đ","34.990.000đ","https://cellphones.com.vn/iphone-15-pro-max.html","https://cdn2.cellphones.com.vn/insecure/rs:fill:358:358/q:90/plain/https://cellphones.com.vn/media/catalog/product/i/p/iphone-15-pro-max_3.png"
"iPhone 15 Pro Max 512GB | Chính hãng VN/A","Apple","28.490.000đ","40.990.000đ","https://cellphones.com.vn/iphone-15-pro-max-512gb.html","https://cdn2.cellphones.com.vn/insecure/rs:fill:358:358/q:90/plain/https://cellphones.com.vn/media/catalog/product/i/p/iphone-15-pro-max_5.png"
"iPhone 14 Pro 128GB | Chính hãng VN/A","Apple","22.990.000đ","27.990.000đ","https://cellphones.com.vn/iphone-14-pro.html","https://cdn2.cellphones.com.vn/insecure/rs:fill:358:358/q:90/plain/https://cellphones.com.vn/media/catalog/product/i/p/iphone-14-pro_2__4.png"
"iPhone 15 Pro 128GB | Chính hãng VN/A","Apple","23.990.000đ","28.990.000đ","https://cellphones.com.vn/iphone-15-pro.html","https://cdn2.cellphones.com.vn/insecure/rs:fill:358:358/q:90/plain/https://cellphones.com.vn/media/catalog/product/i/p/iphone-15-pro-max_4.png"
"iPhone 14 Pro Max 256GB | Chính hãng VN/A","Apple","27.990.000đ","32.990.000đ","https://cellphones.com.vn/iphone-14-pro-max-256gb.html","https://cdn2.cellphones.com.vn/insecure/rs:fill:358:358/q:90/plain/https://cellphones.com.vn/media/catalog/product/i/p/iphone-14-pro-max-256gb.png"
"iPhone 16 256GB | Chính hãng VN/A","Apple","22.990.000đ","25.990.000đ","https://cellphones.com.vn/iphone-16-256gb.html","https://cdn2.cellphones.com.vn/insecure/rs:fill:358:358/q:90/plain/https://cellphones.com.vn/media/catalog/product/i/p/iphone-16-1_1.png"
"iPhone 12 Pro Max 128GB I Chính hãng VN/A","Apple","23.490.000đ","28.990.000đ","https://cellphones.com.vn/iphone-12-pro-max.html","https://cdn2.cellphones.com.vn/insecure/rs:fill:358:358/q:90/plain/https://cellphones.com.vn/media/catalog/product/1/_/1_251_1.jpg"
"iPhone 15 Pro 256GB | Chính hãng VN/A","Apple","26.290.000đ","31.990.000đ","https://cellphones.com.vn/iphone-15-pro-256gb.html","https://cdn2.cellphones.com.vn/insecure/rs:fill:358:358/q:90/plain/https://cellphones.com.vn/media/catalog/product/i/p/iphone-15-pro-256gb.png"
"iPhone 13 Pro Max 128GB | Chính hãng VN/A","Apple","22.990.000đ","28.990.000đ","https://cellphones.com.vn/iphone-13-pro-max.html","https://cdn2.cellphones.com.vn/insecure/rs:fill:358:358/q:90/plain/https://cellphones.com.vn/media/catalog/product/i/p/iphone-13-pro-max.png"
"Xiaomi 15 5G 12GB 256GB","Xiaomi","19.540.000đ","24.540.000đ","https://cellphones.com.vn/dien-thoai-xiaomi-15.html","https://cdn2.cellphones.com.vn/insecure/rs:fill:358:358/q:90/plain/https://cellphones.com.vn/media/catalog/product/d/i/dien-thoai-xiaomi-15_11_.png"
"iPhone 16 Pro 512GB | Chính hãng VN/A","Apple","34.690.000đ","37.990.000đ","https://cellphones.com.vn/iphone-16-pro-512gb.html","https://cdn2.cellphones.com.vn/insecure/rs:fill:358:358/q:90/plain/https://cellphones.com.vn/media/catalog/product/i/p/iphone-16-pro_2.png"
"Samsung Galaxy S24 Ultra 12GB 512GB","Samsung","23.490.000đ","36.810.000đ","https://cellphones.com.vn/samsung-galaxy-s24-ultra-512gb.html","https://cdn2.cellphones.com.vn/insecure/rs:fill:358:358/q:90/plain/https://cellphones.com.vn/media/catalog/product/s/s/ss-s24-ultra-xam-222_1.png"
"iPhone 15 Pro Max 1TB | Chính hãng VN/A","Apple","31.990.000đ","46.990.000đ","https://cellphones.com.vn/iphone-15-pro-max-1tb.html","https://cdn2.cellphones.com.vn/insecure/rs:fill:358:358/q:90/plain/https://cellphones.com.vn/media/catalog/product/i/p/iphone-15-pro-256gb_1.png"
"iPhone 11 128GB | Chính hãng VN/A","Apple","8.490.000đ","11.990.000đ","https://cellphones.com.vn/iphone-11-128gb.html","https://cdn2.cellphones.com.vn/insecure/rs:fill:358:358/q:90/plain/https://cellphones.com.vn/media/catalog/product/i/p/iphone-11-128gb.png"
"Xiaomi Redmi Note 13 6GB 128GB","Xiaomi","3.790.000đ","4.890.000đ","https://cellphones.com.vn/xiaomi-redmi-note-13.html","https://cdn2.cellphones.com.vn/insecure/rs:fill:358:358/q:90/plain/https://cellphones.com.vn/media/catalog/product/x/i/xiaomi-redmi-note-13_1__1_1.png"
"iPhone 16 Plus 512GB | Chính hãng VN/A","Apple","29.490.000đ","34.990.000đ","https://cellphones.com.vn/iphone-16-plus-512gb.html","https://cdn2.cellphones.com.vn/insecure/rs:fill:358:358/q:90/plain/https://cellphones.com.vn/media/catalog/product/i/p/iphone-16-plus-1_2.png"
"Xiaomi Redmi Note 13 Pro 4G 8GB 128GB","Xiaomi","5.790.000đ","7.290.000đ","https://cellphones.com.vn/xiaomi-redmi-note-13-pro.html","https://cdn2.cellphones.com.vn/insecure/rs:fill:358:358/q:90/plain/https://cellphones.com.vn/media/catalog/product/x/i/xiaomi-redmi-note-13-pro-4g_13__1.png"
"iPhone 14 Pro 256GB | Chính hãng VN/A","Apple","24.990.000đ","29.990.000đ","https://cellphones.com.vn/iphone-14-pro-256gb.html","https://cdn2.cellphones.com.vn/insecure/rs:fill:358:358/q:90/plain/https://cellphones.com.vn/media/catalog/product/i/p/iphone-14-pro-256gb.png"
"Samsung Galaxy A55 5G 8GB 128GB","Samsung","7.590.000đ","9.990.000đ","https://cellphones.com.vn/samsung-galaxy-a55.html","https://cdn2.cellphones.com.vn/insecure/rs:fill:358:358/q:90/plain/https://cellphones.com.vn/media/catalog/product/s/a/samsung-galaxy-a55.png"
